forme;predicat;date;lieux;titre;article_url;lieux_detail;lieux_urls
Maxime Lelièvre;démissionne;2017-10-12 00:00:00;Essonne , Châteaubriant;Châteaubriant. Maxime Lelièvre démissionne du conseil municipal;http://troove.ouest-france.fr/article/MjAxN2I5OTg0YjkzYTE4MmNmYTk1NzcxODNhYzIyZTI4MGM3NQ;[{'id': 'VgM8X0tGSQGjGeZtpXC-uA', 'zone': '0', 'debut': 0, 'fin': 13, 'position': [-1.386648, 47.722157], 'departement': 'A1WTH52iRi-XwyLykBjyVw', 'forme': 'Châteaubriant'}, {'id': 'EUnXFNAVRf6sOI5A6thAuw', 'zone': '1', 'debut': 201, 'fin': 208, 'forme': 'Essonne'}, {'id': 'VgM8X0tGSQGjGeZtpXC-uA', 'zone': '2', 'debut': 274, 'fin': 287, 'position': [-1.386648, 47.722157], 'departement': 'A1WTH52iRi-XwyLykBjyVw', 'forme': 'Châteaubriant'}, {'id': 'VgM8X0tGSQGjGeZtpXC-uA', 'zone': '2', 'debut': 406, 'fin': 419, 'position': [-1.386648, 47.722157], 'departement': 'A1WTH52iRi-XwyLykBjyVw', 'forme': 'Châteaubriant'}, {'id': 'VgM8X0tGSQGjGeZtpXC-uA', 'zone': 'geographie', 'debut': 0, 'fin': 13, 'position': [-1.386648, 47.722157], 'departement': 'A1WTH52iRi-XwyLykBjyVw', 'forme': 'Châteaubriant'}];http://troove.ouest-france.fr/lieu/EUnXFNAVRf6sOI5A6thAuw?Essonne http://troove.ouest-france.fr/lieu/VgM8X0tGSQGjGeZtpXC-uA?Châteaubriant
Laurence Nicol;démissionné;2017-06-15 00:00:00;Lamballe , Erquy;<p>Conseil municipal. Laurence Nicol a démissionné</p>;http://troove.ouest-france.fr/article/MjAxN2FlMTMxYzZiZTQ0MzhmNDdkYTg1ODhhMTAyYWZiMjFlZQ;[{'id': 'pb6A-SV4Q6m9VXW1LS67nw', 'zone': '1', 'debut': 820, 'fin': 828, 'position': [-2.4953482, 48.46844], 'departement': '2FUGnWnzQkmIxSdWQi4OrQ', 'forme': 'Lamballe'}, {'id': 'pb6A-SV4Q6m9VXW1LS67nw', 'zone': '1', 'debut': 906, 'fin': 914, 'position': [-2.4953482, 48.46844], 'departement': '2FUGnWnzQkmIxSdWQi4OrQ', 'forme': 'Lamballe'}, {'id': 'TX6WpaxyQAeLEgrIfC1LQg', 'zone': 'geographie', 'debut': 0, 'fin': 5, 'position': [-2.4585845, 48.61942], 'departement': '2FUGnWnzQkmIxSdWQi4OrQ', 'forme': 'Erquy'}];http://troove.ouest-france.fr/lieu/TX6WpaxyQAeLEgrIfC1LQg?Erquy http://troove.ouest-france.fr/lieu/pb6A-SV4Q6m9VXW1LS67nw?Lamballe
René de Smet;adjoint;2017-11-23 00:00:00;Portbail , Saint-Vaast-la-Hougue , Manche;<p>Portbail. Conseil municipal</p> <p>Démission du troisième adjoint</p>;http://troove.ouest-france.fr/article/MjAxN2I0NWMwNjZkNWExY2JmMDk5MDI4NmU1YmYzNGU4NDViNw;[{'id': '8jp6XCOFTtSR-nbfK7TcOg', 'zone': '0', 'debut': 3, 'fin': 11, 'position': [-1.6954165, 49.35204], 'departement': 'Zq-A4qh_Qkqm5NMj9QTogg', 'forme': 'Portbail'}, {'id': '2qkytkdySLu-hZko4yZhHQ', 'zone': '2', 'debut': 2819, 'fin': 2840, 'position': [-1.2730689, 49.59935], 'departement': 'Zq-A4qh_Qkqm5NMj9QTogg', 'forme': 'Saint-Vaast-la-Hougue'}, {'id': '8jp6XCOFTtSR-nbfK7TcOg', 'zone': '2', 'debut': 2844, 'fin': 2852, 'position': [-1.6954165, 49.35204], 'departement': 'Zq-A4qh_Qkqm5NMj9QTogg', 'forme': 'Portbail'}, {'id': 'Zq-A4qh_Qkqm5NMj9QTogg', 'zone': '2', 'debut': 2917, 'fin': 2923, 'forme': 'Manche'}, {'id': '8jp6XCOFTtSR-nbfK7TcOg', 'zone': 'geographie', 'debut': 0, 'fin': 8, 'position': [-1.6954165, 49.35204], 'departement': 'Zq-A4qh_Qkqm5NMj9QTogg', 'forme': 'Portbail'}];http://troove.ouest-france.fr/lieu/2qkytkdySLu-hZko4yZhHQ?Saint-Vaast-la-Hougue http://troove.ouest-france.fr/lieu/Zq-A4qh_Qkqm5NMj9QTogg?Manche http://troove.ouest-france.fr/lieu/8jp6XCOFTtSR-nbfK7TcOg?Portbail
Anne Dupont;démissionne;2017-11-23 00:00:00;Portbail , Saint-Vaast-la-Hougue , Manche;<p>Portbail. Conseil municipal</p> <p>Démission du troisième adjoint</p>;http://troove.ouest-france.fr/article/MjAxN2I0NWMwNjZkNWExY2JmMDk5MDI4NmU1YmYzNGU4NDViNw;[{'id': '8jp6XCOFTtSR-nbfK7TcOg', 'zone': '0', 'debut': 3, 'fin': 11, 'position': [-1.6954165, 49.35204], 'departement': 'Zq-A4qh_Qkqm5NMj9QTogg', 'forme': 'Portbail'}, {'id': '2qkytkdySLu-hZko4yZhHQ', 'zone': '2', 'debut': 2819, 'fin': 2840, 'position': [-1.2730689, 49.59935], 'departement': 'Zq-A4qh_Qkqm5NMj9QTogg', 'forme': 'Saint-Vaast-la-Hougue'}, {'id': '8jp6XCOFTtSR-nbfK7TcOg', 'zone': '2', 'debut': 2844, 'fin': 2852, 'position': [-1.6954165, 49.35204], 'departement': 'Zq-A4qh_Qkqm5NMj9QTogg', 'forme': 'Portbail'}, {'id': 'Zq-A4qh_Qkqm5NMj9QTogg', 'zone': '2', 'debut': 2917, 'fin': 2923, 'forme': 'Manche'}, {'id': '8jp6XCOFTtSR-nbfK7TcOg', 'zone': 'geographie', 'debut': 0, 'fin': 8, 'position': [-1.6954165, 49.35204], 'departement': 'Zq-A4qh_Qkqm5NMj9QTogg', 'forme': 'Portbail'}];http://troove.ouest-france.fr/lieu/2qkytkdySLu-hZko4yZhHQ?Saint-Vaast-la-Hougue http://troove.ouest-france.fr/lieu/Zq-A4qh_Qkqm5NMj9QTogg?Manche http://troove.ouest-france.fr/lieu/8jp6XCOFTtSR-nbfK7TcOg?Portbail
René Audrain;démissionne;2017-07-14 00:00:00;Sainte-Brigitte , Silfiac;<p>Conseil Municipal. René Audrain démissionne !</p>;http://troove.ouest-france.fr/article/MjAxN2EzMGIyZjZjOGQ0ZGIxMGJjYThiNDkxYjEwNTg1NWJjZA;[{'id': '7wTVEiWuQgyeQVVHl90hDQ', 'zone': '1', 'debut': 210, 'fin': 217, 'position': [-3.1725245, 48.144943], 'departement': 'C80NjYgyR16Js4ZKjtxm6g', 'forme': 'Silfiac'}, {'id': '6HlHhtCrRTqiY89yDFw7Xg', 'zone': '1', 'debut': 323, 'fin': 338, 'position': [-3.110205, 48.17714], 'departement': 'C80NjYgyR16Js4ZKjtxm6g', 'forme': 'Sainte-Brigitte'}, {'id': '6HlHhtCrRTqiY89yDFw7Xg', 'zone': 'geographie', 'debut': 0, 'fin': 15, 'position': [-3.110205, 48.17714], 'departement': 'C80NjYgyR16Js4ZKjtxm6g', 'forme': 'Sainte-Brigitte'}];http://troove.ouest-france.fr/lieu/7wTVEiWuQgyeQVVHl90hDQ?Silfiac http://troove.ouest-france.fr/lieu/6HlHhtCrRTqiY89yDFw7Xg?Sainte-Brigitte
Camille Besnier;démissionne;2017-09-23 00:00:00;;Conseil municipal : Pourquoi Camille Besnier démissionne;http://troove.ouest-france.fr/article/MjAxN2I2ODU2Mjg3NmQ1MmE4OWYwODRiODFhZDkzMmM0OTA2Yg;[];
Patrick Jacquet;démissionne;2018-03-12 00:00:00;;Patrick Jacquet démissionne du conseil municipal;http://troove.ouest-france.fr/article/MjAxOGEwZmUxMGM5ZWZkMjc1ZjExOTY5YzViZGIzYzc5NWNiYg;[];
Annie Messager;démissionné;2017-07-01 00:00:00;Louargat;<p>Annie Messager démissionne du conseil municipal</p>;http://troove.ouest-france.fr/article/MjAxN2EyNDJjOGE4YTc2MTRiNjY3ZjJlOWMwMDE1MDc4ZmQ5Yw;[{'id': 'Q1rP97JeQ0eWPDLguvLYNA', 'zone': 'geographie', 'debut': 0, 'fin': 8, 'position': [-3.3410134, 48.5612], 'departement': '2FUGnWnzQkmIxSdWQi4OrQ', 'forme': 'Louargat'}];http://troove.ouest-france.fr/lieu/Q1rP97JeQ0eWPDLguvLYNA?Louargat
Joseph Gaudin;démissionne;2017-10-05 00:00:00;Sarthe , Grez , Bouère , Grez-en-Bouère;<p>Conseil municipal. Joseph Gaudin démissionne</p>;http://troove.ouest-france.fr/article/MjAxN2I0ZmQzNmRhNTA1MDU2MDMxOGMxMTExZmNjZDUyNDFiNQ;[{'id': 'nfkfX9n9RC69MOpDG7PJAg', 'zone': '1', 'debut': 30, 'fin': 44, 'position': [-0.53781325, 47.87039], 'departement': 'MqGoXqPkTO-GdVUhKy8CqQ', 'forme': 'Grez-en-Bouère'}, {'id': 'nfkfX9n9RC69MOpDG7PJAg', 'zone': '2', 'debut': 3, 'fin': 17, 'position': [-0.53781325, 47.87039], 'departement': 'MqGoXqPkTO-GdVUhKy8CqQ', 'forme': 'Grez-en-Bouère'}, {'id': 'nfkfX9n9RC69MOpDG7PJAg', 'zone': '2', 'debut': 197, 'fin': 211, 'position': [-0.53781325, 47.87039], 'departement': 'MqGoXqPkTO-GdVUhKy8CqQ', 'forme': 'Grez-en-Bouère'}, {'id': '-jovam9TQICS8TY1QQ4IoQ', 'zone': '2', 'debut': 362, 'fin': 368, 'position': [-0.48462248, 47.860634], 'departement': 'MqGoXqPkTO-GdVUhKy8CqQ', 'forme': 'Bouère'}, {'id': 'nfkfX9n9RC69MOpDG7PJAg', 'zone': '2', 'debut': 413, 'fin': 427, 'position': [-0.53781325, 47.87039], 'departement': 'MqGoXqPkTO-GdVUhKy8CqQ', 'forme': 'Grez-en-Bouère'}, {'id': 'cf6LW-3dT_eEd0981PVa5g', 'zone': '2', 'debut': 1452, 'fin': 1456, 'position': [1.9788209, 49.633724], 'departement': '7EXstZ6qQnSomJoOcn_25w', 'forme': 'Grez'}, {'id': 'nfkfX9n9RC69MOpDG7PJAg', 'zone': '4', 'debut': 53, 'fin': 67, 'position': [-0.53781325, 47.87039], 'departement': 'MqGoXqPkTO-GdVUhKy8CqQ', 'forme': 'Grez-en-Bouère'}, {'id': '5YOH6DTESwmmRJeq488_Ig', 'zone': 'geographie', 'debut': 0, 'fin': 6, 'forme': 'Sarthe'}];http://troove.ouest-france.fr/lieu/cf6LW-3dT_eEd0981PVa5g?Grez http://troove.ouest-france.fr/lieu/-jovam9TQICS8TY1QQ4IoQ?Bouère http://troove.ouest-france.fr/lieu/5YOH6DTESwmmRJeq488_Ig?Sarthe http://troove.ouest-france.fr/lieu/nfkfX9n9RC69MOpDG7PJAg?Grez-en-Bouère
Brigitte Le Roy;envoyé;2018-02-15 00:00:00;Casteljaloux , Lot-et-Garonne , René;<p>Démission au conseil municipal</p>;http://troove.ouest-france.fr/article/MjAxOGFiODc5NTkzYzg5YzE5MTA0Mzc2MTUzNmRkZDEwMmRhZQ;[{'id': 'JtMEyxu2Q9ShRw-MNS1RLQ', 'zone': '1', 'debut': 105, 'fin': 117, 'position': [0.084538616, 44.311474], 'forme': 'Casteljaloux'}, {'id': 'YWYUXLAcTZC1uTH1uUoGxQ', 'zone': '1', 'debut': 184, 'fin': 198, 'forme': 'Lot-et-Garonne'}, {'id': 'JtMEyxu2Q9ShRw-MNS1RLQ', 'zone': '1', 'debut': 337, 'fin': 349, 'position': [0.084538616, 44.311474], 'forme': 'Casteljaloux'}, {'id': 'YWYUXLAcTZC1uTH1uUoGxQ', 'zone': '1', 'debut': 696, 'fin': 710, 'forme': 'Lot-et-Garonne'}, {'id': 'JtMEyxu2Q9ShRw-MNS1RLQ', 'zone': '1', 'debut': 992, 'fin': 1004, 'position': [0.084538616, 44.311474], 'forme': 'Casteljaloux'}, {'id': 'S08z514zSOCO7ixO-c-ePw', 'zone': '1', 'debut': 1057, 'fin': 1061, 'position': [0.21720216, 48.276653], 'forme': 'René'}, {'id': 'YWYUXLAcTZC1uTH1uUoGxQ', 'zone': 'geographie', 'debut': 0, 'fin': 14, 'forme': 'Lot-et-Garonne'}];http://troove.ouest-france.fr/lieu/S08z514zSOCO7ixO-c-ePw?René http://troove.ouest-france.fr/lieu/JtMEyxu2Q9ShRw-MNS1RLQ?Casteljaloux http://troove.ouest-france.fr/lieu/YWYUXLAcTZC1uTH1uUoGxQ?Lot-et-Garonne
Catherine Tahan;démissionne;2017-04-05 00:00:00;Vire Normandie;Vire. Catherine Tahan démissionne du conseil municipal;http://troove.ouest-france.fr/article/MjAxN2E2ODgwN2JhNTgwMjkwNGI2OTAzODZkYjA3MzBkZmZiMQ;[{'id': 'cqXJ7mhISCuJzn87LU9JBA', 'zone': '2', 'debut': 1169, 'fin': 1183, 'position': [-0.8896019, 48.85125], 'departement': 'nROkd9wwQTKC-_7EP-i5bA', 'forme': 'Vire Normandie'}, {'id': 'cqXJ7mhISCuJzn87LU9JBA', 'zone': 'geographie', 'debut': 0, 'fin': 14, 'position': [-0.8896019, 48.85125], 'departement': 'nROkd9wwQTKC-_7EP-i5bA', 'forme': 'Vire Normandie'}];http://troove.ouest-france.fr/lieu/cqXJ7mhISCuJzn87LU9JBA?Vire Normandie
José Doré;démissionne;2018-01-03 00:00:00;Lanloup;<p>Conseil municipal. José Doré démissionne</p>;http://troove.ouest-france.fr/article/MjAxOGExY2I4NWRhZDc0YmMyMmMwN2FjZDA1MmVlNmNjZGQxOQ;[{'id': '7fVZhrU5SdS6znIHw71-jQ', 'zone': 'geographie', 'debut': 0, 'fin': 7, 'position': [-2.968844, 48.70993], 'departement': '2FUGnWnzQkmIxSdWQi4OrQ', 'forme': 'Lanloup'}];http://troove.ouest-france.fr/lieu/7fVZhrU5SdS6znIHw71-jQ?Lanloup
Catherine Ravera;démissionné;2017-10-20 00:00:00;Jardin , Tilly-sur-Seulles;"<p class=""Titre"">Cascade de démissions au conseil municipal</p>";http://troove.ouest-france.fr/article/MjAxN2I5NGJmMjZjNzYxYWRkNjlkM2QyMGYxMTcxZTlkZGMzMQ;[{'id': '4D6SkuY2Smuk8bC-JmL4fA', 'zone': '1', 'debut': 911, 'fin': 917, 'position': [4.9109445, 45.492805], 'departement': '-RLM_4u5S764jbVC_BEMRw', 'forme': 'Jardin'}, {'id': 'hlejzvQPRO-wZoCGPVjpdA', 'zone': 'geographie', 'debut': 0, 'fin': 17, 'position': [-0.6234177, 49.171867], 'departement': 'nROkd9wwQTKC-_7EP-i5bA', 'forme': 'Tilly-sur-Seulles'}];http://troove.ouest-france.fr/lieu/hlejzvQPRO-wZoCGPVjpdA?Tilly-sur-Seulles http://troove.ouest-france.fr/lieu/4D6SkuY2Smuk8bC-JmL4fA?Jardin
Bernard Amiot;démissionné;2017-03-28 00:00:00;François;<p>Conseil municipal. Bernard Amiot a démissionné</p>;http://troove.ouest-france.fr/article/MjAxN2E0MzQyOGFkNzU0MzQ5NzZhMzM3YmQwY2EzYWM2Mzc2Mw;[{'id': 'YIMrAZCZTRC9JKwvVtpHjQ', 'zone': '1', 'debut': 271, 'fin': 279, 'position': [-0.3440734, 46.38221], 'departement': 'alAXsme0R8CyPevkUIqyig', 'forme': 'François'}];http://troove.ouest-france.fr/lieu/YIMrAZCZTRC9JKwvVtpHjQ?François
Gaëlle Vincent;démissionne;2017-03-17 00:00:00;Rémy , Saint-Georges-de-Pointindoux , Vincent , La Mothe-Achard , La Chapelle-Achard;<p>Gaëlle Vincent démissionne du conseil municipal</p>;http://troove.ouest-france.fr/article/MjAxN2EzMmI2MTA5YmZkNjAzMWQ1OGIwZGIxY2RjZDNjYTI0Nw;[{'id': '_my2wULKRdmtS50J76hO6w', 'zone': '2', 'debut': 318, 'fin': 322, 'position': [2.9588168, 50.257088], 'departement': 'd1paKjHHSwW_9EHTM6W8yA', 'forme': 'Rémy'}, {'id': 'AyQi3Ec9QyKcBvlriqPKQA', 'zone': '2', 'debut': 1291, 'fin': 1298, 'position': [5.482433, 46.787754], 'departement': 'itWet-urRvSRctKrCODltw', 'forme': 'Vincent'}, {'id': 'rYWd2SMpRJSHFDCOUfHSkA', 'zone': '2', 'debut': 1568, 'fin': 1583, 'position': [-1.6503816, 46.616364], 'departement': 'MPmlwlNtS6iAhx4ByL0Ktw', 'forme': 'La Mothe-Achard'}, {'id': 'R-lbv0S4RE69D4upPoF_pQ', 'zone': '2', 'debut': 1587, 'fin': 1605, 'position': [-1.661444, 46.586983], 'departement': 'MPmlwlNtS6iAhx4ByL0Ktw', 'forme': 'La Chapelle-Achard'}, {'id': '_my2wULKRdmtS50J76hO6w', 'zone': '2', 'debut': 2035, 'fin': 2039, 'position': [2.9588168, 50.257088], 'departement': 'd1paKjHHSwW_9EHTM6W8yA', 'forme': 'Rémy'}, {'id': '_my2wULKRdmtS50J76hO6w', 'zone': '2', 'debut': 2530, 'fin': 2534, 'position': [2.9588168, 50.257088], 'departement': 'd1paKjHHSwW_9EHTM6W8yA', 'forme': 'Rémy'}, {'id': 'mPlsqeIIR8asNkPpCFo5Ww', 'zone': 'geographie', 'debut': 0, 'fin': 28, 'position': [-1.6288183, 46.642345], 'departement': 'MPmlwlNtS6iAhx4ByL0Ktw', 'forme': 'Saint-Georges-de-Pointindoux'}];http://troove.ouest-france.fr/lieu/AyQi3Ec9QyKcBvlriqPKQA?Vincent http://troove.ouest-france.fr/lieu/R-lbv0S4RE69D4upPoF_pQ?La Chapelle-Achard http://troove.ouest-france.fr/lieu/mPlsqeIIR8asNkPpCFo5Ww?Saint-Georges-de-Pointindoux http://troove.ouest-france.fr/lieu/_my2wULKRdmtS50J76hO6w?Rémy http://troove.ouest-france.fr/lieu/rYWd2SMpRJSHFDCOUfHSkA?La Mothe-Achard
François Ferrette;annoncé;2017-07-13 00:00:00;Alençon , Paris;Alençon. François Ferrette, conseiller municipal, démissionne;http://troove.ouest-france.fr/article/MjAxN2FkZjJkYTg1OTg2ZGMzYTM5OGI2YTRkZjYxMWI0YTdkOQ;[{'id': 'xlJ0YVafS8CK4Jx0ub-x7A', 'zone': '0', 'debut': 0, 'fin': 7, 'position': [0.091540694, 48.43182], 'departement': 'E-6rHiJWSYuR_KXL2z2KCQ', 'forme': 'Alençon'}, {'id': 'xlJ0YVafS8CK4Jx0ub-x7A', 'zone': '1', 'debut': 68, 'fin': 75, 'position': [0.091540694, 48.43182], 'departement': 'E-6rHiJWSYuR_KXL2z2KCQ', 'forme': 'Alençon'}, {'id': 'xlJ0YVafS8CK4Jx0ub-x7A', 'zone': '2', 'debut': 170, 'fin': 177, 'position': [0.091540694, 48.43182], 'departement': 'E-6rHiJWSYuR_KXL2z2KCQ', 'forme': 'Alençon'}, {'id': 'fbuMrh28TLuaKiPSkU77AA', 'zone': '2', 'debut': 3505, 'fin': 3510, 'position': [2.351828, 48.85658], 'forme': 'Paris'}, {'id': 'xlJ0YVafS8CK4Jx0ub-x7A', 'zone': 'geographie', 'debut': 0, 'fin': 7, 'position': [0.091540694, 48.43182], 'departement': 'E-6rHiJWSYuR_KXL2z2KCQ', 'forme': 'Alençon'}];http://troove.ouest-france.fr/lieu/fbuMrh28TLuaKiPSkU77AA?Paris http://troove.ouest-france.fr/lieu/xlJ0YVafS8CK4Jx0ub-x7A?Alençon
Marie Talbot;démissionne;2017-09-16 00:00:00;Concarneau;<p>Marie Talbot démissionne du conseil municipal</p>;http://troove.ouest-france.fr/article/MjAxN2JiNmEyYWMzMGJhMzdhMTk2YmJmZjBjYTM3ZmU3MDYwMg;[{'id': 'fL1jY4p_S2WsOqg1O83wlg', 'zone': 'geographie', 'debut': 0, 'fin': 10, 'position': [-3.9071686, 47.896626], 'departement': 'wdDVlbaKRhqAXU-867NOOA', 'forme': 'Concarneau'}];http://troove.ouest-france.fr/lieu/fL1jY4p_S2WsOqg1O83wlg?Concarneau
Franck Amiaud;démissionné;2017-09-13 00:00:00;Saint-Hilaire-de-Loulay;<p>Michel Pavageau intègre le conseil municipal</p>;http://troove.ouest-france.fr/article/MjAxN2I4MGU4OWU0MjgyNDA0YzdjYTRhZTZlMzM0YWI1YjJiZQ;[{'id': 'GTipO6vbQNC3bRkH6dHMsQ', 'zone': 'geographie', 'debut': 0, 'fin': 23, 'position': [-1.3276674, 47.008537], 'departement': 'MPmlwlNtS6iAhx4ByL0Ktw', 'forme': 'Saint-Hilaire-de-Loulay'}];http://troove.ouest-france.fr/lieu/GTipO6vbQNC3bRkH6dHMsQ?Saint-Hilaire-de-Loulay
Aurore Landemaine;démissionné;2017-07-14 00:00:00;La Bazouge-des-Alleux;<p>Aurore Landemaine a démissionné du conseil municipal</p>;http://troove.ouest-france.fr/article/MjAxN2E4OGNkNjQzMGRlNGJmZjYxZjZhZTAwOGJjNjY5OTU5OQ;[{'id': 'i3jUIYAWQsa1733vMmNTWA', 'zone': 'geographie', 'debut': 0, 'fin': 21, 'position': [-0.6013601, 48.186443], 'departement': 'MqGoXqPkTO-GdVUhKy8CqQ', 'forme': 'La Bazouge-des-Alleux'}];http://troove.ouest-france.fr/lieu/i3jUIYAWQsa1733vMmNTWA?La Bazouge-des-Alleux
Régine Moisan;annonce;2017-03-26 00:00:00;La Chèze;La Chèze. Sixième démission au conseil municipal;http://troove.ouest-france.fr/article/MjAxN2E4Mzk4ODRmM2NhZDQwOGMwM2ZjMzIwNDZmOWE2MmNkYg;[{'id': 'PZltE_f9R8Ki_0b8nb1P_w', 'zone': '0', 'debut': 0, 'fin': 8, 'position': [-2.662609, 48.134632], 'departement': '2FUGnWnzQkmIxSdWQi4OrQ', 'forme': 'La Chèze'}, {'id': 'PZltE_f9R8Ki_0b8nb1P_w', 'zone': '1', 'debut': 25, 'fin': 33, 'position': [-2.662609, 48.134632], 'departement': '2FUGnWnzQkmIxSdWQi4OrQ', 'forme': 'La Chèze'}, {'id': 'PZltE_f9R8Ki_0b8nb1P_w', 'zone': '2', 'debut': 82, 'fin': 90, 'position': [-2.662609, 48.134632], 'departement': '2FUGnWnzQkmIxSdWQi4OrQ', 'forme': 'La Chèze'}, {'id': 'PZltE_f9R8Ki_0b8nb1P_w', 'zone': '3', 'debut': 72, 'fin': 80, 'position': [-2.662609, 48.134632], 'departement': '2FUGnWnzQkmIxSdWQi4OrQ', 'forme': 'La Chèze'}, {'id': 'PZltE_f9R8Ki_0b8nb1P_w', 'zone': 'geographie', 'debut': 0, 'fin': 8, 'position': [-2.662609, 48.134632], 'departement': '2FUGnWnzQkmIxSdWQi4OrQ', 'forme': 'La Chèze'}];http://troove.ouest-france.fr/lieu/PZltE_f9R8Ki_0b8nb1P_w?La Chèze
Agnès Croix;démissionne;2017-03-14 00:00:00;;<p>Agnès Croix démissionne du conseil municipal</p>;http://troove.ouest-france.fr/article/MjAxN2FkN2RkYTg5NmM1M2QxNTA0N2YyZDFhYzQ1NzUzMWIxNw;[];
Yannig Quéré;démissionne;2018-02-22 00:00:00;Pleumeur-Bodou;<p>Conseil municipal. Yannig Quéré démissionne</p>;http://troove.ouest-france.fr/article/MjAxOGE1OGE5ZmM1YTNjZDRjZGY4MGE4ZTNkZWVlZDUxYjI3Nw;[{'id': 'c3uTuJfAT9KF1_zXiCC16w', 'zone': 'geographie', 'debut': 0, 'fin': 14, 'position': [-3.5172105, 48.785286], 'forme': 'Pleumeur-Bodou'}];http://troove.ouest-france.fr/lieu/c3uTuJfAT9KF1_zXiCC16w?Pleumeur-Bodou
Maxime Lelièvre;démissionne;2017-10-13 00:00:00;Essonne , Châteaubriant;<p>Maxime Lelièvre démissionne du conseil municipal</p>;http://troove.ouest-france.fr/article/MjAxN2JjMjM4NjJkMDYzYWM2N2ZhODQ3MDE0MGZlZjRjZDM3Nw;[{'id': 'EUnXFNAVRf6sOI5A6thAuw', 'zone': '1', 'debut': 110, 'fin': 117, 'forme': 'Essonne'}, {'id': 'VgM8X0tGSQGjGeZtpXC-uA', 'zone': '1', 'debut': 244, 'fin': 257, 'position': [-1.386648, 47.722157], 'departement': 'A1WTH52iRi-XwyLykBjyVw', 'forme': 'Châteaubriant'}, {'id': 'VgM8X0tGSQGjGeZtpXC-uA', 'zone': '1', 'debut': 367, 'fin': 380, 'position': [-1.386648, 47.722157], 'departement': 'A1WTH52iRi-XwyLykBjyVw', 'forme': 'Châteaubriant'}, {'id': 'VgM8X0tGSQGjGeZtpXC-uA', 'zone': 'geographie', 'debut': 0, 'fin': 13, 'position': [-1.386648, 47.722157], 'departement': 'A1WTH52iRi-XwyLykBjyVw', 'forme': 'Châteaubriant'}];http://troove.ouest-france.fr/lieu/EUnXFNAVRf6sOI5A6thAuw?Essonne http://troove.ouest-france.fr/lieu/VgM8X0tGSQGjGeZtpXC-uA?Châteaubriant
Robert Gastineau;remplacera;2017-10-13 00:00:00;Essonne , Châteaubriant;<p>Maxime Lelièvre démissionne du conseil municipal</p>;http://troove.ouest-france.fr/article/MjAxN2JjMjM4NjJkMDYzYWM2N2ZhODQ3MDE0MGZlZjRjZDM3Nw;[{'id': 'EUnXFNAVRf6sOI5A6thAuw', 'zone': '1', 'debut': 110, 'fin': 117, 'forme': 'Essonne'}, {'id': 'VgM8X0tGSQGjGeZtpXC-uA', 'zone': '1', 'debut': 244, 'fin': 257, 'position': [-1.386648, 47.722157], 'departement': 'A1WTH52iRi-XwyLykBjyVw', 'forme': 'Châteaubriant'}, {'id': 'VgM8X0tGSQGjGeZtpXC-uA', 'zone': '1', 'debut': 367, 'fin': 380, 'position': [-1.386648, 47.722157], 'departement': 'A1WTH52iRi-XwyLykBjyVw', 'forme': 'Châteaubriant'}, {'id': 'VgM8X0tGSQGjGeZtpXC-uA', 'zone': 'geographie', 'debut': 0, 'fin': 13, 'position': [-1.386648, 47.722157], 'departement': 'A1WTH52iRi-XwyLykBjyVw', 'forme': 'Châteaubriant'}];http://troove.ouest-france.fr/lieu/EUnXFNAVRf6sOI5A6thAuw?Essonne http://troove.ouest-france.fr/lieu/VgM8X0tGSQGjGeZtpXC-uA?Châteaubriant
Damien Bongart;remplace;2017-09-12 00:00:00;Rennes;<p>Deux démissions au conseil municipal</p>;http://troove.ouest-france.fr/article/MjAxN2I2Zjg3NjIxZmExZWU4MTA0MDNkZjJjY2VhODY3YzVmYw;[{'id': '0h0HIDYvR26m6VbwWRkONw', 'zone': 'geographie', 'debut': 0, 'fin': 6, 'position': [-1.6818645, 48.11198], 'departement': '04dj-WZtTPids-mtu_vG_w', 'forme': 'Rennes'}];http://troove.ouest-france.fr/lieu/0h0HIDYvR26m6VbwWRkONw?Rennes
Caroline Founini;démissionnaire;2017-10-03 00:00:00;La Roche-sur-Yon;Pierre Regnault démissionne du conseil municipal;http://troove.ouest-france.fr/article/MjAxN2I4NTBmZjg0NWJlZjE1Mjc1MTE5YWIxY2Q1ZDQ0MmFmMg;[{'id': 'XWJvoU6JQ9W3aMcLmrxypg', 'zone': '2', 'debut': 1860, 'fin': 1876, 'position': [-1.4077954, 46.667526], 'departement': 'MPmlwlNtS6iAhx4ByL0Ktw', 'forme': 'La Roche-sur-Yon'}, {'id': 'XWJvoU6JQ9W3aMcLmrxypg', 'zone': 'geographie', 'debut': 0, 'fin': 16, 'position': [-1.4077954, 46.667526], 'departement': 'MPmlwlNtS6iAhx4ByL0Ktw', 'forme': 'La Roche-sur-Yon'}];http://troove.ouest-france.fr/lieu/XWJvoU6JQ9W3aMcLmrxypg?La Roche-sur-Yon
Claude Debliquy;démissionne;2017-11-18 00:00:00;Monterblanc;Jean-Claude Debliquy démissionne du conseil municipal;http://troove.ouest-france.fr/article/MjAxN2I0ZjM3MWNiYzM4ZDBlMjE2OTM4ZjYxYzZlNDdlYjJiMg;[{'id': 'yhlsJ7X9QuWVUmScgrpJvw', 'zone': 'geographie', 'debut': 0, 'fin': 11, 'position': [-2.6964726, 47.73157], 'departement': 'C80NjYgyR16Js4ZKjtxm6g', 'forme': 'Monterblanc'}];http://troove.ouest-france.fr/lieu/yhlsJ7X9QuWVUmScgrpJvw?Monterblanc
Isabelle Popin;succédera;2018-02-16 00:00:00;Luçon , Bruz , Vendée;Conseil municipal : Luc Hurtaud démissionne;http://troove.ouest-france.fr/article/MjAxOGEyNWVkMmIwN2FjMjQ1NTk5NTQ1ZDg0NGQ3OGI0OTA0Mg;[{'id': 'isADzd1BRwefGuGmPWfF_Q', 'zone': '1', 'debut': 22, 'fin': 26, 'position': [-1.7481748, 48.026176], 'departement': '04dj-WZtTPids-mtu_vG_w', 'forme': 'Bruz'}, {'id': 'isADzd1BRwefGuGmPWfF_Q', 'zone': '1', 'debut': 154, 'fin': 158, 'position': [-1.7481748, 48.026176], 'departement': '04dj-WZtTPids-mtu_vG_w', 'forme': 'Bruz'}, {'id': 'MPmlwlNtS6iAhx4ByL0Ktw', 'zone': '1', 'debut': 295, 'fin': 301, 'forme': 'Vendée'}, {'id': 'fEcgn00WSrCDs0zbTE674g', 'zone': '1', 'debut': 333, 'fin': 338, 'position': [-1.1644928, 46.451057], 'departement': 'MPmlwlNtS6iAhx4ByL0Ktw', 'forme': 'Luçon'}, {'id': 'isADzd1BRwefGuGmPWfF_Q', 'zone': '1', 'debut': 599, 'fin': 603, 'position': [-1.7481748, 48.026176], 'departement': '04dj-WZtTPids-mtu_vG_w', 'forme': 'Bruz'}, {'id': 'MPmlwlNtS6iAhx4ByL0Ktw', 'zone': '1', 'debut': 614, 'fin': 620, 'forme': 'Vendée'}, {'id': 'isADzd1BRwefGuGmPWfF_Q', 'zone': '1', 'debut': 1567, 'fin': 1571, 'position': [-1.7481748, 48.026176], 'departement': '04dj-WZtTPids-mtu_vG_w', 'forme': 'Bruz'}, {'id': 'isADzd1BRwefGuGmPWfF_Q', 'zone': '1', 'debut': 2137, 'fin': 2141, 'position': [-1.7481748, 48.026176], 'departement': '04dj-WZtTPids-mtu_vG_w', 'forme': 'Bruz'}, {'id': 'isADzd1BRwefGuGmPWfF_Q', 'zone': 'geographie', 'debut': 0, 'fin': 4, 'position': [-1.7481748, 48.026176], 'departement': '04dj-WZtTPids-mtu_vG_w', 'forme': 'Bruz'}];http://troove.ouest-france.fr/lieu/isADzd1BRwefGuGmPWfF_Q?Bruz http://troove.ouest-france.fr/lieu/MPmlwlNtS6iAhx4ByL0Ktw?Vendée http://troove.ouest-france.fr/lieu/fEcgn00WSrCDs0zbTE674g?Luçon
Guy Modot;annonce;2017-09-14 00:00:00;Barbâtre;<p>Conseil municipal. Guy Modot annonce sa démission</p>;http://troove.ouest-france.fr/article/MjAxN2IyNzllZjBhNGI2Zjk4OTFlMzRmNzdiODZiZWY0NjAyYg;[{'id': 'cjHgKzuoSGmpfVmTN7mSMQ', 'zone': 'geographie', 'debut': 0, 'fin': 8, 'position': [-2.1674356, 46.933575], 'departement': 'MPmlwlNtS6iAhx4ByL0Ktw', 'forme': 'Barbâtre'}];http://troove.ouest-france.fr/lieu/cjHgKzuoSGmpfVmTN7mSMQ?Barbâtre
Daniel Couic;annoncé;2017-03-30 00:00:00;Tréméoc , Pont-l'Abbé;<p>Conseil municipal : Daniel Couic démissionne</p>;http://troove.ouest-france.fr/article/MjAxN2FiM2MyM2RhNDBmNjM5YTdlY2IxNmYzODgwMGVlZjE3NA;"[{'id': 'QAhwKsENT1On10o5Ga0d-w', 'zone': '2', 'debut': 635, 'fin': 646, 'position': [-4.219623, 47.86549], 'departement': 'wdDVlbaKRhqAXU-867NOOA', 'forme': ""Pont-l'Abbé""}, {'id': '2mVHGQYMRaaWtbkYME9otg', 'zone': '2', 'debut': 660, 'fin': 667, 'position': [-4.2198415, 47.9068], 'departement': 'wdDVlbaKRhqAXU-867NOOA', 'forme': 'Tréméoc'}, {'id': 'QAhwKsENT1On10o5Ga0d-w', 'zone': 'geographie', 'debut': 0, 'fin': 11, 'position': [-4.219623, 47.86549], 'departement': 'wdDVlbaKRhqAXU-867NOOA', 'forme': ""Pont-l'Abbé""}]";http://troove.ouest-france.fr/lieu/2mVHGQYMRaaWtbkYME9otg?Tréméoc http://troove.ouest-france.fr/lieu/QAhwKsENT1On10o5Ga0d-w?Pont-l'Abbé
Julie Müller;annoncé;2017-12-30 00:00:00;Le Port , Cugand;Rythme scolaire et démission au conseil municipal;http://troove.ouest-france.fr/article/MjAxN2I5NWY0ZjA0ZDUzZWFhZTc2ZDNkODY1NWEzZWIyNWIwZQ;[{'id': '4hjThwqBQE-9gBjXIFVxSQ', 'zone': '1', 'debut': 435, 'fin': 442, 'position': [1.38585, 42.835697], 'departement': 'h4oD4TJ7QvKhVsfPK0IiRQ', 'forme': 'Le Port'}, {'id': 'e_Cynyo5SBiq691EkXHLNg', 'zone': 'geographie', 'debut': 0, 'fin': 6, 'position': [-1.2528981, 47.060238], 'departement': 'MPmlwlNtS6iAhx4ByL0Ktw', 'forme': 'Cugand'}];http://troove.ouest-france.fr/lieu/e_Cynyo5SBiq691EkXHLNg?Cugand http://troove.ouest-france.fr/lieu/4hjThwqBQE-9gBjXIFVxSQ?Le Port
Véronique Davy;démissionné;2017-05-12 00:00:00;Rennes;<p>Conseil municipal : deux démisions et des décisions</p>;http://troove.ouest-france.fr/article/MjAxN2EwYjU2NDZhMDYxODlhNmVkN2FhYzFlN2Y3ODIwYzExNg;[{'id': '0h0HIDYvR26m6VbwWRkONw', 'zone': '1', 'debut': 763, 'fin': 769, 'position': [-1.6818645, 48.11198], 'departement': '04dj-WZtTPids-mtu_vG_w', 'forme': 'Rennes'}];http://troove.ouest-france.fr/lieu/0h0HIDYvR26m6VbwWRkONw?Rennes
Renée Bris;annoncé;2017-07-03 00:00:00;;<p>Deux démissions en fin de conseil municipal</p>;http://troove.ouest-france.fr/article/MjAxN2FmMmRkYjFmYjY3OWNkNjg4MTdhN2RjMmFhMjFjYzY2MQ;[];
Ndèye Dramé;démissionne;2018-02-02 00:00:00;Coulaines , Paris;Ndèye Dramé démissionne du conseil municipal;http://troove.ouest-france.fr/article/MjAxOGE1ZDk1Njk3MGI4NTA2MDU1ZWFmZjg1ODFlNDI4ZWFlNA;[{'id': 'CsaOwBZCQym3L0SBj1_iaA', 'zone': '1', 'debut': 251, 'fin': 260, 'position': [0.2113017, 48.033203], 'departement': '5YOH6DTESwmmRJeq488_Ig', 'forme': 'Coulaines'}, {'id': 'fbuMrh28TLuaKiPSkU77AA', 'zone': '1', 'debut': 266, 'fin': 271, 'position': [2.351828, 48.85658], 'forme': 'Paris'}, {'id': 'fbuMrh28TLuaKiPSkU77AA', 'zone': '1', 'debut': 349, 'fin': 354, 'position': [2.351828, 48.85658], 'forme': 'Paris'}, {'id': 'CsaOwBZCQym3L0SBj1_iaA', 'zone': '2', 'debut': 45, 'fin': 54, 'position': [0.2113017, 48.033203], 'departement': '5YOH6DTESwmmRJeq488_Ig', 'forme': 'Coulaines'}, {'id': 'fbuMrh28TLuaKiPSkU77AA', 'zone': '2', 'debut': 60, 'fin': 65, 'position': [2.351828, 48.85658], 'forme': 'Paris'}, {'id': 'CsaOwBZCQym3L0SBj1_iaA', 'zone': 'geographie', 'debut': 0, 'fin': 9, 'position': [0.2113017, 48.033203], 'departement': '5YOH6DTESwmmRJeq488_Ig', 'forme': 'Coulaines'}];http://troove.ouest-france.fr/lieu/fbuMrh28TLuaKiPSkU77AA?Paris http://troove.ouest-france.fr/lieu/CsaOwBZCQym3L0SBj1_iaA?Coulaines
Dominique Deligné;démissionne;2017-12-14 00:00:00;Luçon , La Roche-sur-Yon;<p>Conseil municipal. Dominique Deligné démissionne</p>;http://troove.ouest-france.fr/article/MjAxN2I3Y2EwZTk1ODZmZWM3MzRkNTA1NTE4MmUxNzYxMTliYQ;[{'id': 'fEcgn00WSrCDs0zbTE674g', 'zone': '1', 'debut': 44, 'fin': 49, 'position': [-1.1644928, 46.451057], 'departement': 'MPmlwlNtS6iAhx4ByL0Ktw', 'forme': 'Luçon'}, {'id': 'XWJvoU6JQ9W3aMcLmrxypg', 'zone': '1', 'debut': 624, 'fin': 640, 'position': [-1.4077954, 46.667526], 'departement': 'MPmlwlNtS6iAhx4ByL0Ktw', 'forme': 'La Roche-sur-Yon'}, {'id': 'XWJvoU6JQ9W3aMcLmrxypg', 'zone': '1', 'debut': 1389, 'fin': 1405, 'position': [-1.4077954, 46.667526], 'departement': 'MPmlwlNtS6iAhx4ByL0Ktw', 'forme': 'La Roche-sur-Yon'}, {'id': 'fEcgn00WSrCDs0zbTE674g', 'zone': '1', 'debut': 1521, 'fin': 1526, 'position': [-1.1644928, 46.451057], 'departement': 'MPmlwlNtS6iAhx4ByL0Ktw', 'forme': 'Luçon'}];http://troove.ouest-france.fr/lieu/fEcgn00WSrCDs0zbTE674g?Luçon http://troove.ouest-france.fr/lieu/XWJvoU6JQ9W3aMcLmrxypg?La Roche-sur-Yon
François Ferrette;annoncé;2017-07-13 00:00:00;Alençon , Paris;Alençon. François Ferrette, conseiller municipal, démissionne;http://troove.ouest-france.fr/article/MjAxN2FmMTJkZjM1M2IzZGJhNDNkZjk2ZGQ3MTVhZTI0ZjgxNg;[{'id': 'xlJ0YVafS8CK4Jx0ub-x7A', 'zone': '0', 'debut': 0, 'fin': 7, 'position': [0.091540694, 48.43182], 'departement': 'E-6rHiJWSYuR_KXL2z2KCQ', 'forme': 'Alençon'}, {'id': 'xlJ0YVafS8CK4Jx0ub-x7A', 'zone': '1', 'debut': 68, 'fin': 75, 'position': [0.091540694, 48.43182], 'departement': 'E-6rHiJWSYuR_KXL2z2KCQ', 'forme': 'Alençon'}, {'id': 'xlJ0YVafS8CK4Jx0ub-x7A', 'zone': '2', 'debut': 170, 'fin': 177, 'position': [0.091540694, 48.43182], 'departement': 'E-6rHiJWSYuR_KXL2z2KCQ', 'forme': 'Alençon'}, {'id': 'fbuMrh28TLuaKiPSkU77AA', 'zone': '2', 'debut': 3505, 'fin': 3510, 'position': [2.351828, 48.85658], 'forme': 'Paris'}, {'id': 'xlJ0YVafS8CK4Jx0ub-x7A', 'zone': 'geographie', 'debut': 0, 'fin': 7, 'position': [0.091540694, 48.43182], 'departement': 'E-6rHiJWSYuR_KXL2z2KCQ', 'forme': 'Alençon'}];http://troove.ouest-france.fr/lieu/fbuMrh28TLuaKiPSkU77AA?Paris http://troove.ouest-france.fr/lieu/xlJ0YVafS8CK4Jx0ub-x7A?Alençon
Pierre Dupont;annonce;2017-11-27 00:00:00;Pontivy , Noyal-Pontivy;Pontivy. Jean-Pierre Dupont, conseiller municipal, démissionne;http://troove.ouest-france.fr/article/MjAxN2IwMTU1MGM1YzU1YzhkZDc3OWQzMjgwNjNhZjc0Mjg3MA;[{'id': 'mHjZOzXjSC2hvpEd6cvKNg', 'zone': '0', 'debut': 0, 'fin': 7, 'position': [-2.970466, 48.072994], 'departement': 'C80NjYgyR16Js4ZKjtxm6g', 'forme': 'Pontivy'}, {'id': 'mHjZOzXjSC2hvpEd6cvKNg', 'zone': '1', 'debut': 30, 'fin': 37, 'position': [-2.970466, 48.072994], 'departement': 'C80NjYgyR16Js4ZKjtxm6g', 'forme': 'Pontivy'}, {'id': 'mHjZOzXjSC2hvpEd6cvKNg', 'zone': '2', 'debut': 158, 'fin': 165, 'position': [-2.970466, 48.072994], 'departement': 'C80NjYgyR16Js4ZKjtxm6g', 'forme': 'Pontivy'}, {'id': 'NdN_o6COTkujVKb-Tsj5iA', 'zone': '2', 'debut': 362, 'fin': 375, 'position': [-2.891151, 48.061424], 'departement': 'C80NjYgyR16Js4ZKjtxm6g', 'forme': 'Noyal-Pontivy'}, {'id': 'mHjZOzXjSC2hvpEd6cvKNg', 'zone': '2', 'debut': 956, 'fin': 963, 'position': [-2.970466, 48.072994], 'departement': 'C80NjYgyR16Js4ZKjtxm6g', 'forme': 'Pontivy'}, {'id': 'mHjZOzXjSC2hvpEd6cvKNg', 'zone': 'geographie', 'debut': 0, 'fin': 7, 'position': [-2.970466, 48.072994], 'departement': 'C80NjYgyR16Js4ZKjtxm6g', 'forme': 'Pontivy'}];http://troove.ouest-france.fr/lieu/NdN_o6COTkujVKb-Tsj5iA?Noyal-Pontivy http://troove.ouest-france.fr/lieu/mHjZOzXjSC2hvpEd6cvKNg?Pontivy
Le Dauphin;démissionné;2017-04-06 00:00:00;Brest , Trégastel , Lannion;<p>Conseil municipal. Gilbert Le Dauphin a démissionné</p>;http://troove.ouest-france.fr/article/MjAxN2EzMDk4NWEyNTMxODEwNWEzYTQyODI2YzVlMzllNmU2YQ;[{'id': 's6r6DBvLSQeN8Dpj4dECsA', 'zone': '1', 'debut': 372, 'fin': 379, 'position': [-3.461598, 48.74335], 'departement': '2FUGnWnzQkmIxSdWQi4OrQ', 'forme': 'Lannion'}, {'id': 'VC2OOERnQeSEm3DDV92FXg', 'zone': '1', 'debut': 643, 'fin': 652, 'position': [-3.5064034, 48.81732], 'departement': '2FUGnWnzQkmIxSdWQi4OrQ', 'forme': 'Trégastel'}, {'id': 's6r6DBvLSQeN8Dpj4dECsA', 'zone': '1', 'debut': 1290, 'fin': 1297, 'position': [-3.461598, 48.74335], 'departement': '2FUGnWnzQkmIxSdWQi4OrQ', 'forme': 'Lannion'}, {'id': 'UH7onWy6ToqJ88I9B72MRQ', 'zone': '1', 'debut': 1542, 'fin': 1547, 'position': [-4.502791, 48.4005], 'departement': 'wdDVlbaKRhqAXU-867NOOA', 'forme': 'Brest'}, {'id': 'VC2OOERnQeSEm3DDV92FXg', 'zone': 'geographie', 'debut': 0, 'fin': 9, 'position': [-3.5064034, 48.81732], 'departement': '2FUGnWnzQkmIxSdWQi4OrQ', 'forme': 'Trégastel'}];http://troove.ouest-france.fr/lieu/s6r6DBvLSQeN8Dpj4dECsA?Lannion http://troove.ouest-france.fr/lieu/UH7onWy6ToqJ88I9B72MRQ?Brest http://troove.ouest-france.fr/lieu/VC2OOERnQeSEm3DDV92FXg?Trégastel
Marie Talbot;démissionne;2017-09-15 00:00:00;Concarneau;Concarneau. Marie Talbot démissionne du conseil municipal;http://troove.ouest-france.fr/article/MjAxN2I5ODYxMGJhYTFkYmIzOWQzY2VlZWE2ZTRmYzBmOTNmOA;[{'id': 'fL1jY4p_S2WsOqg1O83wlg', 'zone': '0', 'debut': 0, 'fin': 10, 'position': [-3.9071686, 47.896626], 'departement': 'wdDVlbaKRhqAXU-867NOOA', 'forme': 'Concarneau'}, {'id': 'fL1jY4p_S2WsOqg1O83wlg', 'zone': '1', 'debut': 49, 'fin': 59, 'position': [-3.9071686, 47.896626], 'departement': 'wdDVlbaKRhqAXU-867NOOA', 'forme': 'Concarneau'}, {'id': 'fL1jY4p_S2WsOqg1O83wlg', 'zone': 'geographie', 'debut': 0, 'fin': 10, 'position': [-3.9071686, 47.896626], 'departement': 'wdDVlbaKRhqAXU-867NOOA', 'forme': 'Concarneau'}];http://troove.ouest-france.fr/lieu/fL1jY4p_S2WsOqg1O83wlg?Concarneau
Grégory Yvetot;démissionné;2017-10-19 00:00:00;Jardin , Bayeux , Tilly-sur-Seulles;Tilly-sur-Seulles. Une deuxième démission au conseil municipal;http://troove.ouest-france.fr/article/MjAxN2JiMjZmZWUwMDM0NzIzOWQwZmVkOWVhZWU3MWQzNDk3NQ;[{'id': 'hlejzvQPRO-wZoCGPVjpdA', 'zone': '0', 'debut': 0, 'fin': 17, 'position': [-0.6234177, 49.171867], 'departement': 'nROkd9wwQTKC-_7EP-i5bA', 'forme': 'Tilly-sur-Seulles'}, {'id': 'hlejzvQPRO-wZoCGPVjpdA', 'zone': '1', 'debut': 42, 'fin': 59, 'position': [-0.6234177, 49.171867], 'departement': 'nROkd9wwQTKC-_7EP-i5bA', 'forme': 'Tilly-sur-Seulles'}, {'id': '4D6SkuY2Smuk8bC-JmL4fA', 'zone': '2', 'debut': 615, 'fin': 621, 'position': [4.9109445, 45.492805], 'departement': '-RLM_4u5S764jbVC_BEMRw', 'forme': 'Jardin'}, {'id': 'ZuBZlNuQTdmAPBh9xJZ29A', 'zone': 'geographie', 'debut': 0, 'fin': 6, 'position': [-0.7046255, 49.277657], 'departement': 'nROkd9wwQTKC-_7EP-i5bA', 'forme': 'Bayeux'}];http://troove.ouest-france.fr/lieu/hlejzvQPRO-wZoCGPVjpdA?Tilly-sur-Seulles http://troove.ouest-france.fr/lieu/ZuBZlNuQTdmAPBh9xJZ29A?Bayeux http://troove.ouest-france.fr/lieu/4D6SkuY2Smuk8bC-JmL4fA?Jardin
Léandre Baconnais;démissionné;2017-04-03 00:00:00;Pornic , Rouans;<p>Pornic. Au conseil municipal</p> <p>Démissions et coopération...</p>;http://troove.ouest-france.fr/article/MjAxN2FlZGZhMThkNzIwOTA0YmMxNmJmYmM4Y2Q1MTlkMmI0OA;[{'id': 'ekVzx998QxyM7YDfTovEcg', 'zone': '0', 'debut': 3, 'fin': 9, 'position': [-2.0518234, 47.1224], 'departement': 'A1WTH52iRi-XwyLykBjyVw', 'forme': 'Pornic'}, {'id': 'ekVzx998QxyM7YDfTovEcg', 'zone': '2', 'debut': 552, 'fin': 558, 'position': [-2.0518234, 47.1224], 'departement': 'A1WTH52iRi-XwyLykBjyVw', 'forme': 'Pornic'}, {'id': 'DuXJYVTMQeiJHOT74p3fYQ', 'zone': '2', 'debut': 560, 'fin': 566, 'position': [-1.8431354, 47.17636], 'departement': 'A1WTH52iRi-XwyLykBjyVw', 'forme': 'Rouans'}, {'id': 'ekVzx998QxyM7YDfTovEcg', 'zone': '2', 'debut': 734, 'fin': 740, 'position': [-2.0518234, 47.1224], 'departement': 'A1WTH52iRi-XwyLykBjyVw', 'forme': 'Pornic'}, {'id': 'ekVzx998QxyM7YDfTovEcg', 'zone': 'geographie', 'debut': 0, 'fin': 6, 'position': [-2.0518234, 47.1224], 'departement': 'A1WTH52iRi-XwyLykBjyVw', 'forme': 'Pornic'}];http://troove.ouest-france.fr/lieu/DuXJYVTMQeiJHOT74p3fYQ?Rouans http://troove.ouest-france.fr/lieu/ekVzx998QxyM7YDfTovEcg?Pornic
Mickaël Montaigne;démissionne;2017-10-09 00:00:00;Le Perron;<p>Mickaël Montaigne démissionne du conseil municipal</p>;http://troove.ouest-france.fr/article/MjAxN2IzYTk2ZjhkM2ExNTQ4ZDdhNWExZWYyN2Q1ZDc3ZWJjYQ;[{'id': 'h_GwOXesTmC3LOCBTuAjEw', 'zone': 'geographie', 'debut': 0, 'fin': 9, 'position': [-0.8930779, 49.055622], 'departement': 'Zq-A4qh_Qkqm5NMj9QTogg', 'forme': 'Le Perron'}];http://troove.ouest-france.fr/lieu/h_GwOXesTmC3LOCBTuAjEw?Le Perron
Marc Gorgolewski;démissionne;2018-03-06 20:16:44;Ouistreham;Ouistreham. « Je ne suis plus en phase avec M. le maire »;http://troove.ouest-france.fr/article/MjAxOGFmMTgwOGY5MWVjNWM3ZDIyZGMxMzkwOTFhY2IzM2Q0Yg;[{'id': 'Ho7lLCDhTt-lUIEPmlin3g', 'zone': '0', 'debut': 0, 'fin': 10, 'position': [-0.25771832, 49.27453], 'departement': 'nROkd9wwQTKC-_7EP-i5bA', 'forme': 'Ouistreham'}, {'id': 'Ho7lLCDhTt-lUIEPmlin3g', 'zone': '2', 'debut': 105, 'fin': 115, 'position': [-0.25771832, 49.27453], 'departement': 'nROkd9wwQTKC-_7EP-i5bA', 'forme': 'Ouistreham'}, {'id': 'Ho7lLCDhTt-lUIEPmlin3g', 'zone': '2', 'debut': 837, 'fin': 847, 'position': [-0.25771832, 49.27453], 'departement': 'nROkd9wwQTKC-_7EP-i5bA', 'forme': 'Ouistreham'}, {'id': 'Ho7lLCDhTt-lUIEPmlin3g', 'zone': 'geographie', 'debut': 0, 'fin': 10, 'position': [-0.25771832, 49.27453], 'departement': 'nROkd9wwQTKC-_7EP-i5bA', 'forme': 'Ouistreham'}];http://troove.ouest-france.fr/lieu/Ho7lLCDhTt-lUIEPmlin3g?Ouistreham
Danièle Jean;démissionné;2017-08-04 00:00:00;Audrieu;"<p class=""Titre"">Nouvelle démission au conseil municipal</p>";http://troove.ouest-france.fr/article/MjAxN2I2MTZlODQ4YjA5YmZhZjQ0ZGM1MTNiNWRmZDA2ZmY1MQ;[{'id': 'HRm05znaTxWkLQWe7OD8uw', 'zone': '1', 'debut': 216, 'fin': 223, 'position': [-0.6042357, 49.20466], 'departement': 'nROkd9wwQTKC-_7EP-i5bA', 'forme': 'Audrieu'}, {'id': 'HRm05znaTxWkLQWe7OD8uw', 'zone': '1', 'debut': 1208, 'fin': 1215, 'position': [-0.6042357, 49.20466], 'departement': 'nROkd9wwQTKC-_7EP-i5bA', 'forme': 'Audrieu'}, {'id': 'HRm05znaTxWkLQWe7OD8uw', 'zone': '1', 'debut': 1409, 'fin': 1416, 'position': [-0.6042357, 49.20466], 'departement': 'nROkd9wwQTKC-_7EP-i5bA', 'forme': 'Audrieu'}, {'id': 'HRm05znaTxWkLQWe7OD8uw', 'zone': '1', 'debut': 1522, 'fin': 1529, 'position': [-0.6042357, 49.20466], 'departement': 'nROkd9wwQTKC-_7EP-i5bA', 'forme': 'Audrieu'}, {'id': 'HRm05znaTxWkLQWe7OD8uw', 'zone': 'geographie', 'debut': 0, 'fin': 7, 'position': [-0.6042357, 49.20466], 'departement': 'nROkd9wwQTKC-_7EP-i5bA', 'forme': 'Audrieu'}];http://troove.ouest-france.fr/lieu/HRm05znaTxWkLQWe7OD8uw?Audrieu
Fabrice Vigneron;démissionne;2017-08-04 00:00:00;Audrieu;"<p class=""Titre"">Nouvelle démission au conseil municipal</p>";http://troove.ouest-france.fr/article/MjAxN2I2MTZlODQ4YjA5YmZhZjQ0ZGM1MTNiNWRmZDA2ZmY1MQ;[{'id': 'HRm05znaTxWkLQWe7OD8uw', 'zone': '1', 'debut': 216, 'fin': 223, 'position': [-0.6042357, 49.20466], 'departement': 'nROkd9wwQTKC-_7EP-i5bA', 'forme': 'Audrieu'}, {'id': 'HRm05znaTxWkLQWe7OD8uw', 'zone': '1', 'debut': 1208, 'fin': 1215, 'position': [-0.6042357, 49.20466], 'departement': 'nROkd9wwQTKC-_7EP-i5bA', 'forme': 'Audrieu'}, {'id': 'HRm05znaTxWkLQWe7OD8uw', 'zone': '1', 'debut': 1409, 'fin': 1416, 'position': [-0.6042357, 49.20466], 'departement': 'nROkd9wwQTKC-_7EP-i5bA', 'forme': 'Audrieu'}, {'id': 'HRm05znaTxWkLQWe7OD8uw', 'zone': '1', 'debut': 1522, 'fin': 1529, 'position': [-0.6042357, 49.20466], 'departement': 'nROkd9wwQTKC-_7EP-i5bA', 'forme': 'Audrieu'}, {'id': 'HRm05znaTxWkLQWe7OD8uw', 'zone': 'geographie', 'debut': 0, 'fin': 7, 'position': [-0.6042357, 49.20466], 'departement': 'nROkd9wwQTKC-_7EP-i5bA', 'forme': 'Audrieu'}];http://troove.ouest-france.fr/lieu/HRm05znaTxWkLQWe7OD8uw?Audrieu
Dominique Gasdon;démissionné;2017-12-22 00:00:00;Loire-Atlantique , Freigné;Dominique Gasdon a démissionné du conseil municipal;http://troove.ouest-france.fr/article/MjAxN2JkZGZhMzRjNzY5YzliMjRmNTE4NTBmODBmZWU3MDVjZA;[{'id': '4nfBHmj5QGGn4eR6YUHhgg', 'zone': '1', 'debut': 129, 'fin': 136, 'position': [-1.1059873, 47.53622], 'departement': 'Fx-YncMYRPSCw8RhKOKr_g', 'forme': 'Freigné'}, {'id': 'A1WTH52iRi-XwyLykBjyVw', 'zone': '1', 'debut': 167, 'fin': 183, 'forme': 'Loire-Atlantique'}, {'id': '4nfBHmj5QGGn4eR6YUHhgg', 'zone': 'geographie', 'debut': 0, 'fin': 7, 'position': [-1.1059873, 47.53622], 'departement': 'Fx-YncMYRPSCw8RhKOKr_g', 'forme': 'Freigné'}];http://troove.ouest-france.fr/lieu/A1WTH52iRi-XwyLykBjyVw?Loire-Atlantique http://troove.ouest-france.fr/lieu/4nfBHmj5QGGn4eR6YUHhgg?Freigné
Tatienne Fourest;démissionne;2017-07-19 00:00:00;Bono , Plan;<p>Tatienne Fourest démissionne du conseil municipal</p>;http://troove.ouest-france.fr/article/MjAxN2EzNzdiZGM4YmZlNGUwNTA3NTVhZWIzNmU4OTRhYWZiZg;[{'id': '0VJ9FPmESZCigNav2Ao0OQ', 'zone': '2', 'debut': 121, 'fin': 125, 'position': [-2.939501, 47.6369], 'departement': 'C80NjYgyR16Js4ZKjtxm6g', 'forme': 'Bono'}, {'id': 'V2etLzR4T6OP9dDJ18D9xQ', 'zone': '2', 'debut': 2075, 'fin': 2079, 'position': [5.39239, 45.317135], 'departement': '-RLM_4u5S764jbVC_BEMRw', 'forme': 'Plan'}, {'id': '0VJ9FPmESZCigNav2Ao0OQ', 'zone': 'geographie', 'debut': 3, 'fin': 7, 'position': [-2.939501, 47.6369], 'departement': 'C80NjYgyR16Js4ZKjtxm6g', 'forme': 'Bono'}];http://troove.ouest-france.fr/lieu/V2etLzR4T6OP9dDJ18D9xQ?Plan http://troove.ouest-france.fr/lieu/0VJ9FPmESZCigNav2Ao0OQ?Bono
Olivier Kilman;démissionne;2017-03-28 00:00:00;Plougoumelen , Morbihan , Vannes;<p>Olivier Kilman démissionne du conseil municipal</p>;http://troove.ouest-france.fr/article/MjAxN2E4ZDZhZDAxMzU3ZGM4OGExMjZkNDAxZWEwZDQ4MmQ2Ng;[{'id': '65AtCWQoQjGe3apUJJEbhg', 'zone': '1', 'debut': 98, 'fin': 110, 'position': [-2.897863, 47.66084], 'departement': 'C80NjYgyR16Js4ZKjtxm6g', 'forme': 'Plougoumelen'}, {'id': 'C80NjYgyR16Js4ZKjtxm6g', 'zone': '1', 'debut': 173, 'fin': 181, 'forme': 'Morbihan'}, {'id': 'm_i9aC07QsSPDv_WcZAfHg', 'zone': '1', 'debut': 182, 'fin': 188, 'position': [-2.7571433, 47.659748], 'departement': 'C80NjYgyR16Js4ZKjtxm6g', 'forme': 'Vannes'}, {'id': '65AtCWQoQjGe3apUJJEbhg', 'zone': 'geographie', 'debut': 0, 'fin': 12, 'position': [-2.897863, 47.66084], 'departement': 'C80NjYgyR16Js4ZKjtxm6g', 'forme': 'Plougoumelen'}];http://troove.ouest-france.fr/lieu/65AtCWQoQjGe3apUJJEbhg?Plougoumelen http://troove.ouest-france.fr/lieu/m_i9aC07QsSPDv_WcZAfHg?Vannes http://troove.ouest-france.fr/lieu/C80NjYgyR16Js4ZKjtxm6g?Morbihan
Alain Laurent;démissionne;2017-11-07 00:00:00;Angers;Avrillé. Alain Laurent démissionne du conseil municipal;http://troove.ouest-france.fr/article/MjAxN2JkYjZmMzA5Y2EyNzNlZjRkOGFiZmQ0Y2I5YzljZWQ5ZA;[{'id': 'LTErYx9LSMC3yNuj2SeP9g', 'zone': 'geographie', 'debut': 0, 'fin': 6, 'position': [-0.556126, 47.476837], 'departement': 'Fx-YncMYRPSCw8RhKOKr_g', 'forme': 'Angers'}];http://troove.ouest-france.fr/lieu/LTErYx9LSMC3yNuj2SeP9g?Angers
Joseph Collet;prend;2017-11-17 00:00:00;Trévé;<p>Une démission au conseil municipal</p>;http://troove.ouest-france.fr/article/MjAxN2JhMTk1MjY5ODIzNTdhMWU5Y2Y5ZjJkZTJiNzIwMGUwNw;[{'id': 'VlyR9gruQxuMUZbNaVCuxA', 'zone': '2', 'debut': 120, 'fin': 125, 'position': [-2.8069832, 48.216015], 'departement': '2FUGnWnzQkmIxSdWQi4OrQ', 'forme': 'Trévé'}, {'id': 'VlyR9gruQxuMUZbNaVCuxA', 'zone': 'geographie', 'debut': 0, 'fin': 5, 'position': [-2.8069832, 48.216015], 'departement': '2FUGnWnzQkmIxSdWQi4OrQ', 'forme': 'Trévé'}];http://troove.ouest-france.fr/lieu/VlyR9gruQxuMUZbNaVCuxA?Trévé
Malandain;démissionné;2017-11-10 00:00:00;Lorient , Port-Louis;Port-Louis (56). Démission au sein du conseil municipal;http://troove.ouest-france.fr/article/MjAxN2I1ZTJhMzM2OGRhOTg0MDQ1ODI1ZTQ3MDIxZjNmODNkMQ;[{'id': '6BU6iwXlThumL9NQmcwP5g', 'zone': '0', 'debut': 0, 'fin': 10, 'position': [-3.3484576, 47.70992], 'departement': 'C80NjYgyR16Js4ZKjtxm6g', 'forme': 'Port-Louis'}, {'id': '6BU6iwXlThumL9NQmcwP5g', 'zone': '1', 'debut': 72, 'fin': 82, 'position': [-3.3484576, 47.70992], 'departement': 'C80NjYgyR16Js4ZKjtxm6g', 'forme': 'Port-Louis'}, {'id': 'OuY9Wpl7REOcPanAtYoOuQ', 'zone': 'geographie', 'debut': 0, 'fin': 7, 'position': [-3.378232, 47.75005], 'departement': 'C80NjYgyR16Js4ZKjtxm6g', 'forme': 'Lorient'}];http://troove.ouest-france.fr/lieu/OuY9Wpl7REOcPanAtYoOuQ?Lorient http://troove.ouest-france.fr/lieu/6BU6iwXlThumL9NQmcwP5g?Port-Louis
Stéphanie Bébin;démissionne;2017-09-16 00:00:00;Berric , Questembert;<p>Stéphanie Bébin démissionne du conseil municipal</p>;http://troove.ouest-france.fr/article/MjAxN2JlODUxZWE5MjBhNGYxNzUwZDAxYTMyMmMyMTNkN2M5Yg;[{'id': '382_3WE6T5SyGsnXhJvfrg', 'zone': '1', 'debut': 923, 'fin': 934, 'position': [-2.4367108, 47.663803], 'departement': 'C80NjYgyR16Js4ZKjtxm6g', 'forme': 'Questembert'}, {'id': '382_3WE6T5SyGsnXhJvfrg', 'zone': '1', 'debut': 1034, 'fin': 1045, 'position': [-2.4367108, 47.663803], 'departement': 'C80NjYgyR16Js4ZKjtxm6g', 'forme': 'Questembert'}, {'id': '6kXkvuwjRjKRBZaL8hi8JQ', 'zone': 'geographie', 'debut': 0, 'fin': 6, 'position': [-2.5275292, 47.638523], 'departement': 'C80NjYgyR16Js4ZKjtxm6g', 'forme': 'Berric'}];http://troove.ouest-france.fr/lieu/382_3WE6T5SyGsnXhJvfrg?Questembert http://troove.ouest-france.fr/lieu/6kXkvuwjRjKRBZaL8hi8JQ?Berric
Claude Crépin;démissionné;2017-03-16 00:00:00;Saint-Pierre-sur-Dropt , Duras;<p>Conseil municipal. Jean-Claude Crépin a démissionné</p>;http://troove.ouest-france.fr/article/MjAxN2E0MmM3OWMyMDQ4MDcxOWFlNTdjYmFmZmVjMzUzYmQzOQ;[{'id': 'cZwoMpGUSyy39bX13ObuSA', 'zone': '2', 'debut': 1629, 'fin': 1634, 'position': [0.20141403, 44.676014], 'departement': 'YWYUXLAcTZC1uTH1uUoGxQ', 'forme': 'Duras'}, {'id': 'Nym1ESnATjuv97J4GXPChA', 'zone': 'geographie', 'debut': 0, 'fin': 22, 'position': [0.20650364, 44.648666], 'departement': 'YWYUXLAcTZC1uTH1uUoGxQ', 'forme': 'Saint-Pierre-sur-Dropt'}];http://troove.ouest-france.fr/lieu/cZwoMpGUSyy39bX13ObuSA?Duras http://troove.ouest-france.fr/lieu/Nym1ESnATjuv97J4GXPChA?Saint-Pierre-sur-Dropt
Guénaëlle Payet;démissionne;2017-10-05 00:00:00;Lannion , Côtes-d'Armor;<p>Conseil municipal. Guénaëlle Payet démissionne</p>;http://troove.ouest-france.fr/article/MjAxN2IwNThmNmJhYjFhNzFkYzI3N2Q5ZDhkZGQxYmJmNjNmMw;"[{'id': 's6r6DBvLSQeN8Dpj4dECsA', 'zone': '1', 'debut': 432, 'fin': 439, 'position': [-3.461598, 48.74335], 'departement': '2FUGnWnzQkmIxSdWQi4OrQ', 'forme': 'Lannion'}, {'id': '2FUGnWnzQkmIxSdWQi4OrQ', 'zone': 'geographie', 'debut': 0, 'fin': 13, 'forme': ""Côtes-d'Armor""}]";http://troove.ouest-france.fr/lieu/s6r6DBvLSQeN8Dpj4dECsA?Lannion http://troove.ouest-france.fr/lieu/2FUGnWnzQkmIxSdWQi4OrQ?Côtes-d'Armor
Thérèse Prigent;remis;2017-08-10 00:00:00;Plougrescant;<p>Conseil municipal. Démission de l'opposition</p>;http://troove.ouest-france.fr/article/MjAxN2JmMDc2M2UxNjEzOTJiM2M0NWRhZWM5NjdhNWZmMmQzOA;[{'id': 'ZXZDBeXVSqG51nBJ1g1ctg', 'zone': '1', 'debut': 34, 'fin': 46, 'position': [-3.2415493, 48.838947], 'departement': '2FUGnWnzQkmIxSdWQi4OrQ', 'forme': 'Plougrescant'}, {'id': 'ZXZDBeXVSqG51nBJ1g1ctg', 'zone': '1', 'debut': 249, 'fin': 261, 'position': [-3.2415493, 48.838947], 'departement': '2FUGnWnzQkmIxSdWQi4OrQ', 'forme': 'Plougrescant'}, {'id': 'ZXZDBeXVSqG51nBJ1g1ctg', 'zone': '1', 'debut': 2616, 'fin': 2628, 'position': [-3.2415493, 48.838947], 'departement': '2FUGnWnzQkmIxSdWQi4OrQ', 'forme': 'Plougrescant'}, {'id': 'ZXZDBeXVSqG51nBJ1g1ctg', 'zone': '1', 'debut': 2847, 'fin': 2859, 'position': [-3.2415493, 48.838947], 'departement': '2FUGnWnzQkmIxSdWQi4OrQ', 'forme': 'Plougrescant'}, {'id': 'ZXZDBeXVSqG51nBJ1g1ctg', 'zone': 'geographie', 'debut': 0, 'fin': 12, 'position': [-3.2415493, 48.838947], 'departement': '2FUGnWnzQkmIxSdWQi4OrQ', 'forme': 'Plougrescant'}];http://troove.ouest-france.fr/lieu/ZXZDBeXVSqG51nBJ1g1ctg?Plougrescant
Bouchaud;démissionné;2017-12-29 00:00:00;Saint-Père-en-Retz;<p>Conseil municipal. Chantal Leduc-Bouchaud a démissionné</p>;http://troove.ouest-france.fr/article/MjAxN2IwYzY2M2ExMDY1MDQ4NTViN2FjZjZiYzQ2ZTIxZTcwMA;[{'id': 'LsNAATxSTtqDq1F-f8XSfg', 'zone': 'geographie', 'debut': 0, 'fin': 18, 'position': [-2.0660472, 47.22538], 'departement': 'A1WTH52iRi-XwyLykBjyVw', 'forme': 'Saint-Père-en-Retz'}];http://troove.ouest-france.fr/lieu/LsNAATxSTtqDq1F-f8XSfg?Saint-Père-en-Retz
Pascal Drocchi;démissionné;2018-01-02 00:00:00;Villerville;Le conseiller municipal Pascal Drocchi démissionne;http://troove.ouest-france.fr/article/MjAxOGE4ZjhmYmYwYTUyN2I5OGY1ZjcyNzVmMjQwYjYzMmQ3Zg;[{'id': 'qCOEQzNGQxKgQM_7TtbEog', 'zone': 'geographie', 'debut': 0, 'fin': 11, 'position': [0.12314823, 49.390877], 'departement': 'nROkd9wwQTKC-_7EP-i5bA', 'forme': 'Villerville'}];http://troove.ouest-france.fr/lieu/qCOEQzNGQxKgQM_7TtbEog?Villerville
Walid Ammar;remplace;2017-04-17 00:00:00;Ancenis , Saint-Géréon;<p>Installation d'un nouveau conseiller municipal</p>;http://troove.ouest-france.fr/article/MjAxN2E4ODQ1OWJkZjlmZmZhMzA2YjQ2ZmEwYWZjNGU1NGI5MQ;[{'id': 'ulogjSVbTJ6WDV8IKcoDgA', 'zone': '1', 'debut': 239, 'fin': 246, 'position': [-1.1824188, 47.383327], 'departement': 'A1WTH52iRi-XwyLykBjyVw', 'forme': 'Ancenis'}, {'id': 'yTDRjhP1SZ-txTRL9iUUOA', 'zone': '1', 'debut': 273, 'fin': 285, 'position': [-1.2092274, 47.370724], 'departement': 'A1WTH52iRi-XwyLykBjyVw', 'forme': 'Saint-Géréon'}, {'id': 'yTDRjhP1SZ-txTRL9iUUOA', 'zone': 'geographie', 'debut': 0, 'fin': 12, 'position': [-1.2092274, 47.370724], 'departement': 'A1WTH52iRi-XwyLykBjyVw', 'forme': 'Saint-Géréon'}];http://troove.ouest-france.fr/lieu/ulogjSVbTJ6WDV8IKcoDgA?Ancenis http://troove.ouest-france.fr/lieu/yTDRjhP1SZ-txTRL9iUUOA?Saint-Géréon
David Rouxel;remplacé;2017-11-15 00:00:00;Coutances;<p>Le conseiller municipal d'opposition Didier Frémont démissionne</p>;http://troove.ouest-france.fr/article/MjAxN2JkZjIxYmZjNTkyYTcxN2IxNzBhOGI3NTJhMTgwOTQzYQ;[{'id': 'yHQIcIzrTxiSS6uact6UbA', 'zone': 'geographie', 'debut': 0, 'fin': 9, 'position': [-1.4434501, 49.056618], 'departement': 'Zq-A4qh_Qkqm5NMj9QTogg', 'forme': 'Coutances'}];http://troove.ouest-france.fr/lieu/yHQIcIzrTxiSS6uact6UbA?Coutances
Marie Talbot;démissionne;2017-09-16 00:00:00;Concarneau;<p>Marie Talbot démissionne du conseil municipal</p>;http://troove.ouest-france.fr/article/MjAxN2JiNmEyYWMzMGJhMzdhMTk2YmJmZjBjYTM3ZmU3MDYwMg;[{'id': 'fL1jY4p_S2WsOqg1O83wlg', 'zone': 'geographie', 'debut': 0, 'fin': 10, 'position': [-3.9071686, 47.896626], 'departement': 'wdDVlbaKRhqAXU-867NOOA', 'forme': 'Concarneau'}];http://troove.ouest-france.fr/lieu/fL1jY4p_S2WsOqg1O83wlg?Concarneau
Hind Saoud;remplace;2017-09-12 00:00:00;Rennes;<p>Deux démissions au conseil municipal</p>;http://troove.ouest-france.fr/article/MjAxN2I2Zjg3NjIxZmExZWU4MTA0MDNkZjJjY2VhODY3YzVmYw;[{'id': '0h0HIDYvR26m6VbwWRkONw', 'zone': 'geographie', 'debut': 0, 'fin': 6, 'position': [-1.6818645, 48.11198], 'departement': '04dj-WZtTPids-mtu_vG_w', 'forme': 'Rennes'}];http://troove.ouest-france.fr/lieu/0h0HIDYvR26m6VbwWRkONw?Rennes
Luc Hurtaud;succédera;2018-02-16 00:00:00;Luçon , Bruz , Vendée;Conseil municipal : Luc Hurtaud démissionne;http://troove.ouest-france.fr/article/MjAxOGEyNWVkMmIwN2FjMjQ1NTk5NTQ1ZDg0NGQ3OGI0OTA0Mg;[{'id': 'isADzd1BRwefGuGmPWfF_Q', 'zone': '1', 'debut': 22, 'fin': 26, 'position': [-1.7481748, 48.026176], 'departement': '04dj-WZtTPids-mtu_vG_w', 'forme': 'Bruz'}, {'id': 'isADzd1BRwefGuGmPWfF_Q', 'zone': '1', 'debut': 154, 'fin': 158, 'position': [-1.7481748, 48.026176], 'departement': '04dj-WZtTPids-mtu_vG_w', 'forme': 'Bruz'}, {'id': 'MPmlwlNtS6iAhx4ByL0Ktw', 'zone': '1', 'debut': 295, 'fin': 301, 'forme': 'Vendée'}, {'id': 'fEcgn00WSrCDs0zbTE674g', 'zone': '1', 'debut': 333, 'fin': 338, 'position': [-1.1644928, 46.451057], 'departement': 'MPmlwlNtS6iAhx4ByL0Ktw', 'forme': 'Luçon'}, {'id': 'isADzd1BRwefGuGmPWfF_Q', 'zone': '1', 'debut': 599, 'fin': 603, 'position': [-1.7481748, 48.026176], 'departement': '04dj-WZtTPids-mtu_vG_w', 'forme': 'Bruz'}, {'id': 'MPmlwlNtS6iAhx4ByL0Ktw', 'zone': '1', 'debut': 614, 'fin': 620, 'forme': 'Vendée'}, {'id': 'isADzd1BRwefGuGmPWfF_Q', 'zone': '1', 'debut': 1567, 'fin': 1571, 'position': [-1.7481748, 48.026176], 'departement': '04dj-WZtTPids-mtu_vG_w', 'forme': 'Bruz'}, {'id': 'isADzd1BRwefGuGmPWfF_Q', 'zone': '1', 'debut': 2137, 'fin': 2141, 'position': [-1.7481748, 48.026176], 'departement': '04dj-WZtTPids-mtu_vG_w', 'forme': 'Bruz'}, {'id': 'isADzd1BRwefGuGmPWfF_Q', 'zone': 'geographie', 'debut': 0, 'fin': 4, 'position': [-1.7481748, 48.026176], 'departement': '04dj-WZtTPids-mtu_vG_w', 'forme': 'Bruz'}];http://troove.ouest-france.fr/lieu/isADzd1BRwefGuGmPWfF_Q?Bruz http://troove.ouest-france.fr/lieu/MPmlwlNtS6iAhx4ByL0Ktw?Vendée http://troove.ouest-france.fr/lieu/fEcgn00WSrCDs0zbTE674g?Luçon
Loïc Burban;annoncé;2017-11-27 00:00:00;Pontivy , Noyal-Pontivy;Pontivy. Jean-Pierre Dupont, conseiller municipal, démissionne;http://troove.ouest-france.fr/article/MjAxN2IwMTU1MGM1YzU1YzhkZDc3OWQzMjgwNjNhZjc0Mjg3MA;[{'id': 'mHjZOzXjSC2hvpEd6cvKNg', 'zone': '0', 'debut': 0, 'fin': 7, 'position': [-2.970466, 48.072994], 'departement': 'C80NjYgyR16Js4ZKjtxm6g', 'forme': 'Pontivy'}, {'id': 'mHjZOzXjSC2hvpEd6cvKNg', 'zone': '1', 'debut': 30, 'fin': 37, 'position': [-2.970466, 48.072994], 'departement': 'C80NjYgyR16Js4ZKjtxm6g', 'forme': 'Pontivy'}, {'id': 'mHjZOzXjSC2hvpEd6cvKNg', 'zone': '2', 'debut': 158, 'fin': 165, 'position': [-2.970466, 48.072994], 'departement': 'C80NjYgyR16Js4ZKjtxm6g', 'forme': 'Pontivy'}, {'id': 'NdN_o6COTkujVKb-Tsj5iA', 'zone': '2', 'debut': 362, 'fin': 375, 'position': [-2.891151, 48.061424], 'departement': 'C80NjYgyR16Js4ZKjtxm6g', 'forme': 'Noyal-Pontivy'}, {'id': 'mHjZOzXjSC2hvpEd6cvKNg', 'zone': '2', 'debut': 956, 'fin': 963, 'position': [-2.970466, 48.072994], 'departement': 'C80NjYgyR16Js4ZKjtxm6g', 'forme': 'Pontivy'}, {'id': 'mHjZOzXjSC2hvpEd6cvKNg', 'zone': 'geographie', 'debut': 0, 'fin': 7, 'position': [-2.970466, 48.072994], 'departement': 'C80NjYgyR16Js4ZKjtxm6g', 'forme': 'Pontivy'}];http://troove.ouest-france.fr/lieu/NdN_o6COTkujVKb-Tsj5iA?Noyal-Pontivy http://troove.ouest-france.fr/lieu/mHjZOzXjSC2hvpEd6cvKNg?Pontivy
Sandrine Riou;remplacé;2017-04-06 00:00:00;Brest , Trégastel , Lannion;<p>Conseil municipal. Gilbert Le Dauphin a démissionné</p>;http://troove.ouest-france.fr/article/MjAxN2EzMDk4NWEyNTMxODEwNWEzYTQyODI2YzVlMzllNmU2YQ;[{'id': 's6r6DBvLSQeN8Dpj4dECsA', 'zone': '1', 'debut': 372, 'fin': 379, 'position': [-3.461598, 48.74335], 'departement': '2FUGnWnzQkmIxSdWQi4OrQ', 'forme': 'Lannion'}, {'id': 'VC2OOERnQeSEm3DDV92FXg', 'zone': '1', 'debut': 643, 'fin': 652, 'position': [-3.5064034, 48.81732], 'departement': '2FUGnWnzQkmIxSdWQi4OrQ', 'forme': 'Trégastel'}, {'id': 's6r6DBvLSQeN8Dpj4dECsA', 'zone': '1', 'debut': 1290, 'fin': 1297, 'position': [-3.461598, 48.74335], 'departement': '2FUGnWnzQkmIxSdWQi4OrQ', 'forme': 'Lannion'}, {'id': 'UH7onWy6ToqJ88I9B72MRQ', 'zone': '1', 'debut': 1542, 'fin': 1547, 'position': [-4.502791, 48.4005], 'departement': 'wdDVlbaKRhqAXU-867NOOA', 'forme': 'Brest'}, {'id': 'VC2OOERnQeSEm3DDV92FXg', 'zone': 'geographie', 'debut': 0, 'fin': 9, 'position': [-3.5064034, 48.81732], 'departement': '2FUGnWnzQkmIxSdWQi4OrQ', 'forme': 'Trégastel'}];http://troove.ouest-france.fr/lieu/s6r6DBvLSQeN8Dpj4dECsA?Lannion http://troove.ouest-france.fr/lieu/UH7onWy6ToqJ88I9B72MRQ?Brest http://troove.ouest-france.fr/lieu/VC2OOERnQeSEm3DDV92FXg?Trégastel
Marie Talbot;démissionne;2017-09-15 00:00:00;Concarneau;Concarneau. Marie Talbot démissionne du conseil municipal;http://troove.ouest-france.fr/article/MjAxN2I5ODYxMGJhYTFkYmIzOWQzY2VlZWE2ZTRmYzBmOTNmOA;[{'id': 'fL1jY4p_S2WsOqg1O83wlg', 'zone': '0', 'debut': 0, 'fin': 10, 'position': [-3.9071686, 47.896626], 'departement': 'wdDVlbaKRhqAXU-867NOOA', 'forme': 'Concarneau'}, {'id': 'fL1jY4p_S2WsOqg1O83wlg', 'zone': '1', 'debut': 49, 'fin': 59, 'position': [-3.9071686, 47.896626], 'departement': 'wdDVlbaKRhqAXU-867NOOA', 'forme': 'Concarneau'}, {'id': 'fL1jY4p_S2WsOqg1O83wlg', 'zone': 'geographie', 'debut': 0, 'fin': 10, 'position': [-3.9071686, 47.896626], 'departement': 'wdDVlbaKRhqAXU-867NOOA', 'forme': 'Concarneau'}];http://troove.ouest-france.fr/lieu/fL1jY4p_S2WsOqg1O83wlg?Concarneau
Christian Maunoury;démissionne;2017-04-04 00:00:00;Donville-les-Bains , Granville;Donville. Christian Maunoury, conseiller municipal, démissionne;http://troove.ouest-france.fr/article/MjAxN2EwMTg2MzMzZDVmY2NmOWVhZTUzNWU1MDZhNWRhOGFkZQ;[{'id': 'g62MnB-DRgqSmOhi8ZLeNw', 'zone': '1', 'debut': 44, 'fin': 62, 'position': [-1.5731514, 48.85084], 'departement': 'Zq-A4qh_Qkqm5NMj9QTogg', 'forme': 'Donville-les-Bains'}, {'id': 'g62MnB-DRgqSmOhi8ZLeNw', 'zone': '2', 'debut': 47, 'fin': 65, 'position': [-1.5731514, 48.85084], 'departement': 'Zq-A4qh_Qkqm5NMj9QTogg', 'forme': 'Donville-les-Bains'}, {'id': 'Zvc5OLdfR5ODXLHtcoeS6g', 'zone': '2', 'debut': 1404, 'fin': 1413, 'position': [-1.5667087, 48.832706], 'departement': 'Zq-A4qh_Qkqm5NMj9QTogg', 'forme': 'Granville'}, {'id': 'g62MnB-DRgqSmOhi8ZLeNw', 'zone': 'geographie', 'debut': 0, 'fin': 18, 'position': [-1.5731514, 48.85084], 'departement': 'Zq-A4qh_Qkqm5NMj9QTogg', 'forme': 'Donville-les-Bains'}];http://troove.ouest-france.fr/lieu/g62MnB-DRgqSmOhi8ZLeNw?Donville-les-Bains http://troove.ouest-france.fr/lieu/Zvc5OLdfR5ODXLHtcoeS6g?Granville
Nicolas Engelstein;remplacé;2017-04-03 00:00:00;Pornic , Rouans;<p>Pornic. Au conseil municipal</p> <p>Démissions et coopération...</p>;http://troove.ouest-france.fr/article/MjAxN2FlZGZhMThkNzIwOTA0YmMxNmJmYmM4Y2Q1MTlkMmI0OA;[{'id': 'ekVzx998QxyM7YDfTovEcg', 'zone': '0', 'debut': 3, 'fin': 9, 'position': [-2.0518234, 47.1224], 'departement': 'A1WTH52iRi-XwyLykBjyVw', 'forme': 'Pornic'}, {'id': 'ekVzx998QxyM7YDfTovEcg', 'zone': '2', 'debut': 552, 'fin': 558, 'position': [-2.0518234, 47.1224], 'departement': 'A1WTH52iRi-XwyLykBjyVw', 'forme': 'Pornic'}, {'id': 'DuXJYVTMQeiJHOT74p3fYQ', 'zone': '2', 'debut': 560, 'fin': 566, 'position': [-1.8431354, 47.17636], 'departement': 'A1WTH52iRi-XwyLykBjyVw', 'forme': 'Rouans'}, {'id': 'ekVzx998QxyM7YDfTovEcg', 'zone': '2', 'debut': 734, 'fin': 740, 'position': [-2.0518234, 47.1224], 'departement': 'A1WTH52iRi-XwyLykBjyVw', 'forme': 'Pornic'}, {'id': 'ekVzx998QxyM7YDfTovEcg', 'zone': 'geographie', 'debut': 0, 'fin': 6, 'position': [-2.0518234, 47.1224], 'departement': 'A1WTH52iRi-XwyLykBjyVw', 'forme': 'Pornic'}];http://troove.ouest-france.fr/lieu/DuXJYVTMQeiJHOT74p3fYQ?Rouans http://troove.ouest-france.fr/lieu/ekVzx998QxyM7YDfTovEcg?Pornic
Christine Boucher;succéder;2017-10-18 00:00:00;Donville-les-Bains;<p>Une sixième démission au conseil municipal</p>;http://troove.ouest-france.fr/article/MjAxN2I5NTA0YmM4MGRjOGE3ZThmMDIxYWI1MmVkMjA0N2U3Nw;[{'id': 'g62MnB-DRgqSmOhi8ZLeNw', 'zone': 'geographie', 'debut': 0, 'fin': 18, 'position': [-1.5731514, 48.85084], 'departement': 'Zq-A4qh_Qkqm5NMj9QTogg', 'forme': 'Donville-les-Bains'}];http://troove.ouest-france.fr/lieu/g62MnB-DRgqSmOhi8ZLeNw?Donville-les-Bains
Stéphanie Mouchel;remplacé;2017-08-04 00:00:00;Audrieu;"<p class=""Titre"">Nouvelle démission au conseil municipal</p>";http://troove.ouest-france.fr/article/MjAxN2I2MTZlODQ4YjA5YmZhZjQ0ZGM1MTNiNWRmZDA2ZmY1MQ;[{'id': 'HRm05znaTxWkLQWe7OD8uw', 'zone': '1', 'debut': 216, 'fin': 223, 'position': [-0.6042357, 49.20466], 'departement': 'nROkd9wwQTKC-_7EP-i5bA', 'forme': 'Audrieu'}, {'id': 'HRm05znaTxWkLQWe7OD8uw', 'zone': '1', 'debut': 1208, 'fin': 1215, 'position': [-0.6042357, 49.20466], 'departement': 'nROkd9wwQTKC-_7EP-i5bA', 'forme': 'Audrieu'}, {'id': 'HRm05znaTxWkLQWe7OD8uw', 'zone': '1', 'debut': 1409, 'fin': 1416, 'position': [-0.6042357, 49.20466], 'departement': 'nROkd9wwQTKC-_7EP-i5bA', 'forme': 'Audrieu'}, {'id': 'HRm05znaTxWkLQWe7OD8uw', 'zone': '1', 'debut': 1522, 'fin': 1529, 'position': [-0.6042357, 49.20466], 'departement': 'nROkd9wwQTKC-_7EP-i5bA', 'forme': 'Audrieu'}, {'id': 'HRm05znaTxWkLQWe7OD8uw', 'zone': 'geographie', 'debut': 0, 'fin': 7, 'position': [-0.6042357, 49.20466], 'departement': 'nROkd9wwQTKC-_7EP-i5bA', 'forme': 'Audrieu'}];http://troove.ouest-france.fr/lieu/HRm05znaTxWkLQWe7OD8uw?Audrieu
Jean Louis Lebouteiller;succéder;2017-05-02 00:00:00;Audrieu , Tilly-sur-Seulles;<p>Une nouvelle démission au conseil municipal</p>;http://troove.ouest-france.fr/article/MjAxN2E1YjZmMDE1YmZhZDQyMGNiNDc0MTg2ODc2ZDcwYmFmNw;[{'id': 'hlejzvQPRO-wZoCGPVjpdA', 'zone': '1', 'debut': 728, 'fin': 745, 'position': [-0.6234177, 49.171867], 'departement': 'nROkd9wwQTKC-_7EP-i5bA', 'forme': 'Tilly-sur-Seulles'}, {'id': 'HRm05znaTxWkLQWe7OD8uw', 'zone': '2', 'debut': 78, 'fin': 85, 'position': [-0.6042357, 49.20466], 'departement': 'nROkd9wwQTKC-_7EP-i5bA', 'forme': 'Audrieu'}, {'id': 'HRm05znaTxWkLQWe7OD8uw', 'zone': 'geographie', 'debut': 0, 'fin': 7, 'position': [-0.6042357, 49.20466], 'departement': 'nROkd9wwQTKC-_7EP-i5bA', 'forme': 'Audrieu'}];http://troove.ouest-france.fr/lieu/HRm05znaTxWkLQWe7OD8uw?Audrieu http://troove.ouest-france.fr/lieu/hlejzvQPRO-wZoCGPVjpdA?Tilly-sur-Seulles
Malandain;démissionné;2017-11-10 00:00:00;Lorient , Port-Louis;Port-Louis (56). Démission au sein du conseil municipal;http://troove.ouest-france.fr/article/MjAxN2I1ZTJhMzM2OGRhOTg0MDQ1ODI1ZTQ3MDIxZjNmODNkMQ;[{'id': '6BU6iwXlThumL9NQmcwP5g', 'zone': '0', 'debut': 0, 'fin': 10, 'position': [-3.3484576, 47.70992], 'departement': 'C80NjYgyR16Js4ZKjtxm6g', 'forme': 'Port-Louis'}, {'id': '6BU6iwXlThumL9NQmcwP5g', 'zone': '1', 'debut': 72, 'fin': 82, 'position': [-3.3484576, 47.70992], 'departement': 'C80NjYgyR16Js4ZKjtxm6g', 'forme': 'Port-Louis'}, {'id': 'OuY9Wpl7REOcPanAtYoOuQ', 'zone': 'geographie', 'debut': 0, 'fin': 7, 'position': [-3.378232, 47.75005], 'departement': 'C80NjYgyR16Js4ZKjtxm6g', 'forme': 'Lorient'}];http://troove.ouest-france.fr/lieu/OuY9Wpl7REOcPanAtYoOuQ?Lorient http://troove.ouest-france.fr/lieu/6BU6iwXlThumL9NQmcwP5g?Port-Louis
Christian Maunoury;démissionne;2017-04-04 00:00:00;Donville-les-Bains , Granville;Donville. Christian Maunoury, conseiller municipal, démissionne;http://troove.ouest-france.fr/article/MjAxN2E2MGZmMzBkMWFjNjRjYTRmNjkzZmRmMjliNGUyOGFmOA;[{'id': 'g62MnB-DRgqSmOhi8ZLeNw', 'zone': '1', 'debut': 44, 'fin': 62, 'position': [-1.5731514, 48.85084], 'departement': 'Zq-A4qh_Qkqm5NMj9QTogg', 'forme': 'Donville-les-Bains'}, {'id': 'g62MnB-DRgqSmOhi8ZLeNw', 'zone': '2', 'debut': 47, 'fin': 65, 'position': [-1.5731514, 48.85084], 'departement': 'Zq-A4qh_Qkqm5NMj9QTogg', 'forme': 'Donville-les-Bains'}, {'id': 'Zvc5OLdfR5ODXLHtcoeS6g', 'zone': '2', 'debut': 1404, 'fin': 1413, 'position': [-1.5667087, 48.832706], 'departement': 'Zq-A4qh_Qkqm5NMj9QTogg', 'forme': 'Granville'}, {'id': 'g62MnB-DRgqSmOhi8ZLeNw', 'zone': 'geographie', 'debut': 0, 'fin': 18, 'position': [-1.5731514, 48.85084], 'departement': 'Zq-A4qh_Qkqm5NMj9QTogg', 'forme': 'Donville-les-Bains'}];http://troove.ouest-france.fr/lieu/g62MnB-DRgqSmOhi8ZLeNw?Donville-les-Bains http://troove.ouest-france.fr/lieu/Zvc5OLdfR5ODXLHtcoeS6g?Granville
